{
  "sel_idx": [
    103,
    106,
    13,
    115,
    102,
    83,
    101,
    84,
    0,
    52,
    7,
    14,
    12,
    90,
    105,
    100,
    51,
    25,
    88,
    2,
    116,
    54,
    114,
    113
  ],
  "train_median": [
    -172.92125,
    12.3951305,
    -0.44223575000000004,
    1.8333989,
    -2.32126245,
    -2.7160713999999997,
    -2.67465865,
    -1.8313268,
    -0.7202495,
    -0.817411615,
    -0.75244145,
    -0.80902532,
    -1.1039096,
    34.702803,
    14.1057455,
    8.997572,
    6.5784695,
    5.016262,
    4.6864633,
    3.83926355,
    3.3831122000000002,
    2.882166,
    2.58677135,
    2.33349085,
    2.31928215,
    2.06670865,
    0.0,
    0.0,
    0.0,
    0.0,
    4.216036599999999e-18,
    0.0,
    0.0,
    0.0,
    0.0,
    0.0,
    0.0,
    0.0,
    0.0,
    9.7272195,
    6.49477245,
    4.350026,
    2.8979006,
    2.38515625,
    2.19487595,
    1.8486033000000002,
    1.6081659,
    1.4922639,
    1.30988805,
    1.2119846,
    1.18758845,
    1.05694865,
    -8.994212000000001e-17,
    0.0,
    1.9674838e-17,
    0.0,
    5.621382499999999e-18,
    5.621382499999999e-18,
    5.621382499999999e-18,
    2.8106913e-18,
    0.0,
    0.0,
    1.4053456e-18,
    0.0,
    0.0,
    6.9401366499999995,
    4.63245945,
    3.1559784,
    2.0303332999999997,
    1.75362645,
    1.6302128,
    1.3996306,
    1.2146086500000002,
    1.1521853499999999,
    1.0019013,
    0.939235985,
    0.90963645,
    0.817392875,
    0.0026146025000000003,
    0.00385436185,
    0.171845855,
    2199.4413,
    2513.58225,
    1345.1118,
    1510.84825,
    1193026450.0,
    0.0,
    0.08617934499999999,
    0.07939558499999999,
    931.8234199999999,
    768.2244499999999,
    0.12286389,
    0.14961224,
    0.00385436185,
    0.6361200300000001,
    0.0721019425,
    0.0418574605,
    0.028019367,
    0.026236087999999998,
    0.024892420499999998,
    0.021310361,
    0.022053154999999998,
    0.021772688999999998,
    0.0229883965,
    0.018422975,
    0.02096266,
    0.331627615,
    0.115294935,
    0.058879482,
    0.039292942,
    0.0412537825,
    0.045195579,
    0.038321366999999995,
    0.039913303,
    0.0393995345,
    0.04103624,
    0.0364988185,
    0.037231438
  ],
  "feature_names": [
    "chroma_mean_10",
    "chroma_std_1",
    "mfcc_std_1",
    "chroma_std_10",
    "chroma_mean_9",
    "spectral_centroid_mean",
    "chroma_mean_8",
    "spectral_centroid_std",
    "mfcc_mean_1",
    "mfcc_delta2_mean_1",
    "mfcc_mean_8",
    "mfcc_std_2",
    "mfcc_mean_13",
    "spectral_bandwidth_std",
    "chroma_mean_12",
    "chroma_mean_7",
    "mfcc_delta_std_13",
    "mfcc_std_13",
    "rms_std",
    "mfcc_mean_3",
    "chroma_std_11",
    "mfcc_delta2_mean_3",
    "chroma_std_9",
    "chroma_std_8"
  ]
}