{
  "architecture": "acoustic_mlp",
  "decision_threshold": 0.35,
  "n_features": 24,
  "accuracy": 0.6493738819320215,
  "precision": 0.48825503355704697,
  "recall": 0.7698412698412699,
  "f1": 0.5975359342915811,
  "confusion_matrix": [
    [
      435,
      305
    ],
    [
      87,
      291
    ]
  ],
  "auc_roc": 0.7588874588874588,
  "train": {
    "accuracy": 0.8544562551103843,
    "precision": 0.8865069356872636,
    "recall": 0.888748419721871,
    "f1": 0.8876262626262627,
    "confusion_matrix": [
      [
        684,
        180
      ],
      [
        176,
        1406
      ]
    ],
    "auc_roc": 0.9220564393407314
  },
  "val": {
    "accuracy": 0.606425702811245,
    "precision": 0.15555555555555556,
    "recall": 0.6363636363636364,
    "f1": 0.25,
    "confusion_matrix": [
      [
        404,
        266
      ],
      [
        28,
        49
      ]
    ],
    "auc_roc": 0.6286683465787943
  }
}