{
  "wavlm": {
    "decision_threshold": 0.85,
    "accuracy": 0.8855098389982111,
    "precision": 0.7729257641921398,
    "recall": 0.9365079365079365,
    "f1": 0.84688995215311,
    "confusion_matrix": [
      [
        636,
        104
      ],
      [
        24,
        354
      ]
    ],
    "auc_roc": 0.9648738023738024,
    "train": {
      "accuracy": 0.9897792313982011,
      "precision": 1.0,
      "recall": 0.984197218710493,
      "f1": 0.992035680152915,
      "confusion_matrix": [
        [
          864,
          0
        ],
        [
          25,
          1557
        ]
      ],
      "auc_roc": 1.0
    },
    "val": {
      "accuracy": 0.7925033467202142,
      "precision": 0.25,
      "recall": 0.5064935064935064,
      "f1": 0.33476394849785407,
      "confusion_matrix": [
        [
          553,
          117
        ],
        [
          38,
          39
        ]
      ],
      "auc_roc": 0.7088195386702849
    }
  },
  "hubert_base_ls960": {
    "decision_threshold": 0.9,
    "accuracy": 0.7415026833631485,
    "precision": 0.5685670261941448,
    "recall": 0.9761904761904762,
    "f1": 0.7185978578383642,
    "confusion_matrix": [
      [
        460,
        280
      ],
      [
        9,
        369
      ]
    ],
    "auc_roc": 0.9128467753467753,
    "train": {
      "accuracy": 0.9975470155355682,
      "precision": 1.0,
      "recall": 0.9962073324905183,
      "f1": 0.9981000633312223,
      "confusion_matrix": [
        [
          864,
          0
        ],
        [
          6,
          1576
        ]
      ],
      "auc_roc": 1.0
    },
    "val": {
      "accuracy": 0.6131191432396251,
      "precision": 0.1513157894736842,
      "recall": 0.5974025974025974,
      "f1": 0.24146981627296588,
      "confusion_matrix": [
        [
          412,
          258
        ],
        [
          31,
          46
        ]
      ],
      "auc_roc": 0.6626284163597597
    }
  }
}