{
  "clean": {
    "base": {
      "hubert_base_ls960": {
        "accuracy": 0.6556350626118068,
        "precision": 0.4953519256308101,
        "recall": 0.9867724867724867,
        "f1": 0.6595932802829354,
        "auc_roc": 0.9581831831831833
      },
      "wavlm": {
        "accuracy": 0.7495527728085868,
        "precision": 0.5827702702702703,
        "recall": 0.9126984126984127,
        "f1": 0.711340206185567,
        "auc_roc": 0.8843218218218218
      }
    },
    "fusion": {
      "hubert_base_ls960": {
        "accuracy": 0.7415026833631485,
        "precision": 0.5685670261941448,
        "recall": 0.9761904761904762,
        "f1": 0.7185978578383642,
        "auc_roc": 0.9128467753467753
      },
      "wavlm": {
        "accuracy": 0.8855098389982111,
        "precision": 0.7729257641921398,
        "recall": 0.9365079365079365,
        "f1": 0.84688995215311,
        "auc_roc": 0.9648738023738024
      }
    }
  },
  "noisy": {
    "compression_0dB": {
      "base": {
        "hubert_base_ls960": {
          "accuracy": 0.7245080500894454,
          "precision": 0.552710843373494,
          "recall": 0.9708994708994709,
          "f1": 0.7044145873320538,
          "confusion_matrix": [
            [
              443,
              297
            ],
            [
              11,
              367
            ]
          ],
          "auc_roc": 0.9393035893035893
        },
        "wavlm": {
          "accuracy": 0.7370304114490162,
          "precision": 0.5648148148148148,
          "recall": 0.9682539682539683,
          "f1": 0.7134502923976608,
          "confusion_matrix": [
            [
              458,
              282
            ],
            [
              12,
              366
            ]
          ],
          "auc_roc": 0.9098062348062348
        }
      },
      "fusion": {
        "hubert_base_ls960": {
          "accuracy": 0.5724508050089445,
          "precision": 0.4413145539906103,
          "recall": 0.9947089947089947,
          "f1": 0.6113821138211382,
          "confusion_matrix": [
            [
              264,
              476
            ],
            [
              2,
              376
            ]
          ],
          "auc_roc": 0.9501215501215501
        },
        "wavlm": {
          "accuracy": 0.7960644007155635,
          "precision": 0.6275510204081632,
          "recall": 0.9761904761904762,
          "f1": 0.7639751552795031,
          "confusion_matrix": [
            [
              521,
              219
            ],
            [
              9,
              369
            ]
          ],
          "auc_roc": 0.925470112970113
        }
      }
    },
    "compression_10dB": {
      "base": {
        "hubert_base_ls960": {
          "accuracy": 0.7361359570661896,
          "precision": 0.5709401709401709,
          "recall": 0.8835978835978836,
          "f1": 0.6936656282450675,
          "confusion_matrix": [
            [
              489,
              251
            ],
            [
              44,
              334
            ]
          ],
          "auc_roc": 0.8613416988416988
        },
        "wavlm": {
          "accuracy": 0.33810375670840787,
          "precision": 0.33810375670840787,
          "recall": 1.0,
          "f1": 0.5053475935828877,
          "confusion_matrix": [
            [
              0,
              740
            ],
            [
              0,
              378
            ]
          ],
          "auc_roc": 0.38398219648219656
        }
      },
      "fusion": {
        "hubert_base_ls960": {
          "accuracy": 0.8479427549194991,
          "precision": 0.9333333333333333,
          "recall": 0.5925925925925926,
          "f1": 0.7249190938511327,
          "confusion_matrix": [
            [
              724,
              16
            ],
            [
              154,
              224
            ]
          ],
          "auc_roc": 0.9058737308737308
        },
        "wavlm": {
          "accuracy": 0.8917710196779964,
          "precision": 0.9269102990033222,
          "recall": 0.7380952380952381,
          "f1": 0.8217967599410898,
          "confusion_matrix": [
            [
              718,
              22
            ],
            [
              99,
              279
            ]
          ],
          "auc_roc": 0.933941083941084
        }
      }
    }
  },
  "tables": {
    "compression": [
      {
        "Model": "hubert_base_ls960 (base)",
        "Clean AUC": "0.958",
        "0dB": "0.939",
        "10dB": "0.861"
      },
      {
        "Model": "hubert_base_ls960 (fusion)",
        "Clean AUC": "0.913",
        "0dB": "0.950",
        "10dB": "0.906"
      },
      {
        "Model": "wavlm (base)",
        "Clean AUC": "0.884",
        "0dB": "0.910",
        "10dB": "0.384"
      },
      {
        "Model": "wavlm (fusion)",
        "Clean AUC": "0.965",
        "0dB": "0.925",
        "10dB": "0.934"
      }
    ]
  },
  "analysis": [
    "compression_0dB: Similar (base=0.92, fusion=0.94)",
    "compression_10dB: Fusion improves (fusion=0.92 vs base=0.62)"
  ]
}