{
  "hubert_base_ls960": {
    "decision_threshold": 0.95,
    "accuracy": 0.6556350626118068,
    "precision": 0.4953519256308101,
    "recall": 0.9867724867724867,
    "f1": 0.6595932802829354,
    "confusion_matrix": [
      [
        360,
        380
      ],
      [
        5,
        373
      ]
    ],
    "auc_roc": 0.9581831831831833,
    "train": {
      "accuracy": 0.9991823385118561,
      "precision": 1.0,
      "recall": 0.9987357774968394,
      "f1": 0.9993674889310563,
      "confusion_matrix": [
        [
          864,
          0
        ],
        [
          2,
          1580
        ]
      ],
      "auc_roc": 1.0
    },
    "val": {
      "accuracy": 0.4497991967871486,
      "precision": 0.07179487179487179,
      "recall": 0.36363636363636365,
      "f1": 0.11991434689507495,
      "confusion_matrix": [
        [
          308,
          362
        ],
        [
          49,
          28
        ]
      ],
      "auc_roc": 0.4140337274665633
    }
  },
  "wav2vec2": {
    "decision_threshold": 0.6,
    "accuracy": 0.33810375670840787,
    "precision": 0.33810375670840787,
    "recall": 1.0,
    "f1": 0.5053475935828877,
    "confusion_matrix": [
      [
        0,
        740
      ],
      [
        0,
        378
      ]
    ],
    "auc_roc": 0.40626340626340623,
    "train": {
      "accuracy": 0.6467702371218316,
      "precision": 0.6467702371218316,
      "recall": 1.0,
      "f1": 0.785501489572989,
      "confusion_matrix": [
        [
          0,
          864
        ],
        [
          0,
          1582
        ]
      ],
      "auc_roc": 0.409593824624245
    },
    "val": {
      "accuracy": 0.10307898259705489,
      "precision": 0.10307898259705489,
      "recall": 1.0,
      "f1": 0.18689320388349515,
      "confusion_matrix": [
        [
          0,
          670
        ],
        [
          0,
          77
        ]
      ],
      "auc_roc": 0.46945144407830974
    }
  },
  "wavlm": {
    "decision_threshold": 0.95,
    "accuracy": 0.7495527728085868,
    "precision": 0.5827702702702703,
    "recall": 0.9126984126984127,
    "f1": 0.711340206185567,
    "confusion_matrix": [
      [
        493,
        247
      ],
      [
        33,
        345
      ]
    ],
    "auc_roc": 0.8843218218218218,
    "train": {
      "accuracy": 0.9685200327064595,
      "precision": 0.9851708575112831,
      "recall": 0.965865992414665,
      "f1": 0.975422917331631,
      "confusion_matrix": [
        [
          841,
          23
        ],
        [
          54,
          1528
        ]
      ],
      "auc_roc": 0.973034309594044
    },
    "val": {
      "accuracy": 0.5729585006693441,
      "precision": 0.09395973154362416,
      "recall": 0.36363636363636365,
      "f1": 0.14933333333333335,
      "confusion_matrix": [
        [
          400,
          270
        ],
        [
          49,
          28
        ]
      ],
      "auc_roc": 0.638524907927893
    }
  },
  "whisper": {
    "decision_threshold": 0.95,
    "accuracy": 0.8282647584973166,
    "precision": 0.801948051948052,
    "recall": 0.6534391534391535,
    "f1": 0.7201166180758017,
    "confusion_matrix": [
      [
        679,
        61
      ],
      [
        131,
        247
      ]
    ],
    "auc_roc": 0.8968790218790218,
    "train": {
      "accuracy": 0.8274734260016353,
      "precision": 1.0,
      "recall": 0.7332490518331226,
      "f1": 0.8460977388767323,
      "confusion_matrix": [
        [
          864,
          0
        ],
        [
          422,
          1160
        ]
      ],
      "auc_roc": 0.9939700683616612
    },
    "val": {
      "accuracy": 0.8259705488621151,
      "precision": 0.18823529411764706,
      "recall": 0.2077922077922078,
      "f1": 0.19753086419753085,
      "confusion_matrix": [
        [
          601,
          69
        ],
        [
          61,
          16
        ]
      ],
      "auc_roc": 0.4709052141887962
    }
  }
}