{
  "random_forest": {
    "accuracy": 0.5388845247446976,
    "precision": 0.7525562372188139,
    "recall": 0.4412470023980815,
    "f1": 0.5563114134542706,
    "confusion_matrix": [
      [
        318,
        121
      ],
      [
        466,
        368
      ]
    ],
    "auc_roc": 0.6400938474732742,
    "auc_ci_95": [
      0.6102366793387745,
      0.6704586617172557
    ],
    "top_features": [
      [
        "rms_std",
        0.04013040234446839
      ],
      [
        "spectral_flux_std",
        0.03973878243333048
      ],
      [
        "temporal_spectral_flux",
        0.03892227442199583
      ],
      [
        "mfcc_std_2",
        0.03819775654305234
      ],
      [
        "chroma_std_10",
        0.03355947271656051
      ],
      [
        "hnr_mean",
        0.024800750618041306
      ],
      [
        "chroma_std_1",
        0.02478416631223781
      ],
      [
        "mfcc_mean_8",
        0.02394080500374432
      ],
      [
        "mfcc_mean_2",
        0.02159936191845002
      ],
      [
        "mfcc_mean_9",
        0.02123350740242466
      ],
      [
        "chroma_mean_10",
        0.019897877979937265
      ],
      [
        "zcr_mean",
        0.019895034575555647
      ],
      [
        "mfcc_mean_5",
        0.019241783175074627
      ],
      [
        "mfcc_delta_std_12",
        0.01597245671990428
      ],
      [
        "mfcc_mean_1",
        0.01595974411868152
      ],
      [
        "chroma_mean_3",
        0.015282012551689112
      ],
      [
        "spectral_flux_mean",
        0.015055976511636744
      ],
      [
        "mfcc_delta_std_2",
        0.014853191155015301
      ],
      [
        "mfcc_mean_4",
        0.013485269677804612
      ],
      [
        "rms_mean",
        0.013375442197046445
      ]
    ]
  },
  "logistic_regression": {
    "accuracy": 0.6072270227808326,
    "precision": 0.7869415807560137,
    "recall": 0.5491606714628298,
    "f1": 0.6468926553672316,
    "confusion_matrix": [
      [
        315,
        124
      ],
      [
        376,
        458
      ]
    ],
    "auc_roc": 0.689221743334262,
    "auc_ci_95": [
      0.6593921400315459,
      0.7186875907249254
    ],
    "top_features": [
      [
        "mfcc_std_2",
        1.4355411975535204
      ],
      [
        "chroma_std_10",
        1.410306497289621
      ],
      [
        "mfcc_delta2_std_10",
        1.3196918034989742
      ],
      [
        "hnr_mean",
        1.2941522855217265
      ],
      [
        "mfcc_mean_1",
        1.256953236307313
      ],
      [
        "chroma_std_1",
        1.1317070867760746
      ],
      [
        "spectral_rolloff_mean",
        1.1305154723900686
      ],
      [
        "spectral_centroid_std",
        1.1190971409626436
      ],
      [
        "mfcc_delta_std_8",
        1.1185858175240744
      ],
      [
        "mfcc_mean_8",
        1.0692355259496462
      ],
      [
        "mfcc_delta_std_3",
        0.9941352269650247
      ],
      [
        "mfcc_delta2_std_8",
        0.9700575661185193
      ],
      [
        "mfcc_delta_std_12",
        0.9366023337801481
      ],
      [
        "mfcc_delta_std_10",
        0.9201772257740873
      ],
      [
        "mfcc_mean_4",
        0.8969092397800875
      ],
      [
        "chroma_std_2",
        0.8845283572979717
      ],
      [
        "chroma_std_12",
        0.82789791991196
      ],
      [
        "chroma_mean_6",
        0.827814276896243
      ],
      [
        "spectral_flux_mean",
        0.8151858656666814
      ],
      [
        "chroma_mean_7",
        0.8054744385984205
      ]
    ]
  }
}